Questions,Answers,,,
Can you describe the Rainbow Rider roller skate and its key features?,"The Rainbow Rider is great at its affordable price of $109 for someone just getting into skating, and it comes in three fun rainbow-styled colorways.  With a change of wheels, you can dance skate too!  It has a lot of ankle flexibility for a wide range of moves.  Also, this skate tends to run wide so it’s ideal for wider feet.",,,
What sets the Beach Bunny roller skate apart in terms of affordability and design?,"The Beach Bunny is the next best skate for affordability at $169.  It comes in five colors and has great ankle support that keeps you feeling safe! You can dance skate in them with a change of wheels.  While we don’t recommend it, you can even do some light park skating in them.  Evelyn Ivyy started her skate journey in them since they’re vegan friendly!",,,
How does the Panther roller skate differ from the Lolly roller skate?,"The Panther roller skate is similar to the Lolly in that it uses suede as the main material of the boot, except it comes only in black with a leopard liner and has a PVC unit around the ankle for more support.  This skate would be a better option for people that want more stability and support when trying to land tricks that might be heavier on the ankles, and it’s not quite as expensive as the Jack boot so if you’re just getting into park skating, this is a good option to dip your toes in.",,,
"What are the main features of the Lolly roller skates, and how do they compare to other models?",The Lolly roller skates feature high-quality suede that requires almost no break in time! The suede material of the boot gives the most comfortable cruise in an array of all the colors of the rainbow and black!  There’s lots of ankle flexibility and a good plate to start some light park skating with a change of wheels. We sell them as “completes” or as boot-only if you want to attach your own hardware to them.,,,
Could you elaborate on the features of the Jack boot for aggressive skating or dance skating?,"The Jack boot is a great starter for more aggressive skating or dance skating with more ankle support.  We sell these as boot-only or as custom packages like the Estro Package, so you can build the ultimate skate set-up of your dreams!  After around 10 hours of break in time, the suede skate comfortably molds around your feet.  The Jack's come in all the same rainbow colors as the Lolly as well as a white vegan leather.",,,
"What distinguishes the Jack 2 boot from the original Jack boot, especially in terms of support and break-in time?","The Jack 2 boot is the ultimate skate for aggressive skating because it has more support than the first Jack.  Also with the Jack 2 builds, you can order any of the standard colors (Lilac, True Blue, Black, White Vegan) or even special colors like Poppy and Taffy!  Because it features additional support, the Jack 2 needs about 20 hours of break in time. After that the suede skate molds around your feet to give you the stiffest and most secure skate to land hard-impact tricks.",,,
"What makes the Moxi Jungle Skates unique in terms of design, material, and popularity?","The Moxi Jungle Skates are brown leopard print vinyl skates, vegan friendly and ready to roll. The wheels can be used for indoor or outdoor skating. The Moxi Jungle Skates are a very popular skate because of its classic animal print look. It also makes them a perfect accent for any outfit.",,,
"Can you describe the key features of the Chaya Ragnaroll Pro skate, including its design, materials, and performance capabilities?"," The Chaya Ragnaroll Pro skate features a 70�s-inspired high-cut sneaker style boot that provides great ankle support and heel lock thanks to the 45� eyelets and the SBR flex cut in the tongue. The upper is made out of PU and leather overlays to reinforce high-wear areas with an additional TPU external toe cap to hold against the toughest wear and tear. The anatomically shaped fiberglass composite internal shell in combination with the shock-absorbing insole is extremely comfortable and delivers maximum impact protection and durability. Ragnaroll�s first signature skate includes the new 2,8� Park Pro trucks ensuring the best balance between agility and stability and thanks to the special offset hanger design, these trucks can match the grinding capabilities of a wider truck but with the better rolling experience of a narrower truck. Made out of the highest-grade forged aluminum material with durable CroMo steel axles to endure high impacts from tricks. The trucks are paired with lightweight and rugged fiberglass composite Shari plates fixed with traditional mounting system*. The skate is rounded up with Chaya Ragnaroll 60mm / 101A Pro wheels with a slim roll patch for more speed and better maneuverability, and long lasting Wicked ABEC 9 bearings. The skate comes standard with Cherry bomb short stem stoppers and Chaya asymmetrical grind blocks. The Chaya Ragnaroll pro skate scores high in comfort, performance and style, setting a new standard for park and street quad skates.Also available as BOOT ONLY.*Compatible with DCM mounting.",,,
"Why is it important to consider the type of plate when selecting roller skates, and what are the differences between nylon and metal plates?","Plate type is important to consider. (This is the piece under the boot that the wheels mount to.) Plates are either nylon or metal. Nylon plates are cheaper and more lightweight, but are not recommended for plus-size skaters (200lb or more) or for aggressive park skating as they may not hold up to a great deal of force, causing them to snap. Metal plates are a bit heavier, but are much sturdier.",,,
"What are the implications of having a bolt-on toe stop versus an adjustable toe stop on roller skates, particularly concerning customization and maintenance?",Skates that come with a bolt-on toe stop (as seen on the Impala skates and similar) cannot have the toe stops upgraded/replaced or re-positioned. Adjustable toe stops can be swapped out and the height can be changed.,,,
"How significant is the role of stock wheels when choosing roller skates, and what factors should be considered regarding their appropriateness for different activities?","Take a look at the stock wheels and consider if they're appropriate for what you're planning to do. It's easy to change wheels, but there may be an added expense if you're going to need to buy a new set.",,,
"What are the characteristics of vinyl boots compared to leather or suede boots, and how do these differences impact their performance and durability?",Vinyl boots are stiffer (which can be good or bad depending on what you're looking for) and generally cannot be heat-molded. Vinyl also tends to scuff and rip more easily than leather or suede.,,,
"How is wheel hardness measured, and what is the range of durometer values for roller skate wheels?","Wheel hardness is measured in durometer. The larger the number, the harder the wheel; these range between 78A (very soft) to 105A (very hard).",,,
"What are the advantages of using soft wheels, especially in terms of grip and cushioning, and where are they typically used?","Soft wheels will give more grip on slippery surface, as well as providing cushion on bumpy surfaces.",,,
"What characteristics do hard wheels possess, and in what environments are they commonly preferred?",Hard wheels will give more slide and speed. They are more often used on smooth surfaces like rink floors and concrete skate parks.,,,
"What distinguishes hybrid wheels from soft and hard wheels, and what are their primary applications?","Hybrid wheels are around 85A. They can be used indoors or outdoors, but aren't the best at either. Light-up/LED (Luminous, Crazy Illumin8) wheels are typically 85A.",,,
"Why is it cautioned against using indoor wheels for outdoor skating, and what are the potential consequences of doing so?",Skating outdoors on indoor wheels will likely damage them. They are not intended to be used on rough surfaces.,,,
"How is wheel size typically measured, and what are the implications of both diameter/height and width in terms of skating performance?",Wheel size is measured in both diameter/height and width.,,,
"What are the advantages of using smaller or shorter wheels, particularly in activities like roller derby, and how do they differ from larger or taller wheels?",A smaller/shorter wheel can accelerate faster (important in derby). A larger/taller takes less effort to maintain those speeds.,,,
"How do the width of wheels contribute to agility and stability, and what are the benefits of narrower versus wider wheels?",Narrower wheels enhance agility; wider wheels enhance stability.,,,
"What characteristics define outdoor wheels in terms of size, and why are taller and wider wheels recommended for skating on bumpy concrete or asphalt surfaces?","Outdoor wheels are often very tall/wide, 65 - 62mm tall and 40 - 35mm wide. This gives a smoother ride on bumpy concrete or asphalt.",,,
"Why is wheel size considered a matter of personal preference, and what advice would you give to skaters who are exploring different wheel sizes to find their preferred option?",Wheel size is generally a matter of personal preference. Try them out and see what you like!,,,
"How do different types of skating influence the choice of wheels, and what factors should skaters consider when selecting wheels for their preferred style?","Different types of skating use different types of wheels, though ultimately what you pick is up to your personal preference. Here is some information about what types of wheels might be used for different skate styles, along with recommendations for different models.",,,
"What are the typical characteristics of wheels used for outdoor skating, and why are big, soft wheels recommended for this activity?","Outdoor skating:�You want big, soft wheels to give a smooth ride on bumpy asphalt or blacktop. Most people use 78A wheels, and a larger diameter (62mm or 65mm) are very common. Popular models include Moxi Gummy wheels and Radar Energy.",,,
"In skate parks, what qualities are desirable in wheels, and why are small, hard wheels preferred for achieving slide on concrete surfaces?","Skate park:�Small and hard are the name of the game; to get a good amount of slide on the concrete of the skate park, you'll want something quite hard, often 98A or harder, as well as a smaller diameter. Rollerbones Team wheels (98A or 101A) are a good entry-level choice, CIB makes park-specific wheels, or Moxi Fundae are often recommended although they're a bit softer.",,,
"What distinguishes the wheels used for artistic and dance skating, and why do these skaters often prefer very hard wheels?","Artistic and dance skating:�Dance skaters tend to use very hard wheels so they have some slide on smooth rink floors. Popular choices include Sure-Grip Fame and Rollerbones Elite, which are 98A - 103A.",,,
"How do the requirements for roller derby wheels vary based on factors such as surface type and skating style, and what considerations should derby skaters keep in mind when selecting their wheels?","Roller derby:�Derby wheels vary a lot depending on the surface in question, as well as skating style (jammer versus blocker). Generally, a sticky surface like sport court requires a harder wheel, while a slippery surface like polished concrete may need a sticky wheel for more stability.",,,
,,,,
,,,,
"What role do trucks play in the performance of roller skates, and how does their adjustability affect the skating experience?",,,,
"What is the recommended level of looseness for roller skate trucks, and how can skaters determine if their trucks are appropriately adjusted?","Trucks are adjustable. The looser they are, the easier it is to turn while skating. The general rule of thumb is to have them loose enough that you can move them using your entire hand but not so loose that you can move them with just one finger.",,,
"How do the tightness of trucks affect stability and turning ability, and why is it important to check and adjust them before using new skates?","Make sure to check the trucks on new skates. They frequently arrive very tight, which makes them more stable for new skaters, but they don't turn easily. But, they might arrive too loose and accidentally turn too far, causing a wreck. That's why it's best to check and adjust them as needed before using them.",,,
"How might a skater's skill level and stability influence their decision to adjust the tightness of their trucks, and what precautions should be taken when doing so?","As you become a more skilled, stable skater, you may want to gradually loosen your trucks (to a point) so they will turn easier and be more agile. Go gradually, loosening them a half-turn at a time.",,,
"Why is there a suggestion to have looser front trucks compared to rear trucks, and how does this configuration mimic the dynamics of a car?","You may want your front trucks to be looser than your rear trucks, similar to a car. The front wheels do most of the turning.",,,
,,,,
What are the specific qualities of each roller skate?,Skate name,Wheels,Fit notes,toe stop
What are the specific qualities of the rainbow rider?, rainbow rider ,"58mm, 82A, wider fit, minimal padding, adjustable (metric thread)",,
What are the specific qualities of the beach bunny?, beach bunny ,"58mm, 78A, narrow fit, well padded, adjustable powerdyne",,
What are the specific qualities of panther roller skate?, panther roller skate ,"58mm, 78A, narrow fit, well padded, adjustable powerdyne",,
What are the specific qualities of the lolly?, lolly ,"65mm, 78A, avg fit, no padding, molds to foot, adjustable powerdyne",,
What are the specific qualities of the Jack 1 skate boot?, jack 1 ,"no wheels, sold as individual boot, Snug, None",,
What are the specific qualities of the jack 2 skate boot?, jack 2 ,"no wheels, sold as individual boot, Snug, None",,
What are the specific qualities of the jungle roller skate?, jungle roller skate ,"58mm, 78A, narrow fit, well padded, adjustable powerdyne",,
What are the specific qualities of the chaya karma pro skate?,CHAYA Karma Pro,"32mm, 100a, Semi-soft, Mid-top, Pre-mounted toe-stopper",,
